Wedding cake,Birthday cake,Raspberry tart,Apple pie,Gingerbread biscuits,Lemon cake,Lemon tart,Oreos,Wienerbröd,Semla,Cinammon scroll,Apple pullapart,Round pullapart,Brioche,Raspberry slice,NativeLang,OtherLangs,Age,Gender,Birthplace,Residences,SubmissionTime
cake,cake,cake,pie,biscuit,cake,cake,cookie,pastry,pastry,bun,tart,cake,roll,slice,English,"Swedish, French",50-59,Nonbinary,Sweden,France,Wed May 12 11:33:57 AM 2021
cake,cake,pie,pie,biscuit,cake,tart,cookie,bun,pastry,bun,pastry,bread,bread,cake,Swedish,English French ,20-29,Female,Sweden,,Wed May 12 11:46:29 AM 2021
cake,cake,tart,pie,cookie,cake,tart,biscuit,bun,cake,bun,cake,cake,bread,cake,Swedish ,English ,20-29,Male,Sweden ,,Wed May 12 11:55:27 AM 2021
cake,cake,pie,pie,cookie,cake,pie,cookie,pastry,pastry,bun,cake,cake,bread,pie,Swedish,English,20-29,Female,Sweden,,Wed May 12 11:56:57 AM 2021
cake,cake,pie,pie,cake,cake,pie,biscuit,pastry,bun,roll,bun,cake,bread,slice,swedish,English,20-29,Female,Sweden,,Wed May 12 12:00:30 PM 2021
cake,cake,tart,pie,biscuit,cake,cake,biscuit,pastry,Puff,pastry,pastry,cake,bun,Don’t know,"English, Trinidadian English Creole","Spanish, (bad) German",20-29,Female,United Kingdom,Trinidad and Tobago,Wed May 12 03:28:59 PM 2021
cake,cake,tart,pie,biscuit,cake,tart,biscuit,Danish,bun,Scroll,Strudel,cake,bread,slice,English,"Finnish, German, Swedish, Japanese",30-39,Female,Australia,,Wed May 12 04:07:41 PM 2021
cake,cake,tart,pie,biscuit,cake,tart,biscuit,pastry,bun,scroll,bread,cake,bread,slice,English,"Japanese, French, tiny bit of Swedish and Dutch",20-29,Female,Australia,,Wed May 12 6:49:32 PM 2021
cake,cake,tart,pie,biscuit,cake,tart,biscuit,pastry,bun,bun,pastry,bun,bun,slice,English,Finnish,30-39,Male,Australia,,Wed May 12 05:25:54 PM 2021
cake,cake,pie,pie,cookie,cake,cake,biscuit,bun,pastry,bun,pastry,pie,bun,pie,Russian,"English, Swedish, Latvian",30-39,Female,Russia,,Wed May 12 07:30:29 PM 2021
cake,cake,tart,pie,biscuit,pastry,pie,cookie,pastry,pastry,bun,pastry,cake,roll,pastry,Swedish,"English, German",40-49,Male,Sweden,USA,Wed May 12 08:08:29 PM 2021
cake,cake,pie,pie,cookie,cake,pie,cookie,pastry,pastry,bun,pastry,cake,bread,cake,Spanish,"Swedish, English ",20-29,Female,Peru,Sweden,Wed May 12 09:26:01 PM 2021
cake,cake,tart,pie,biscuit,cake,tart,biscuit,pastry,scone,roll,slice,cake,bread,pastry,English (Australian),"German, Japanese, Mandarin, American Sign Language, Indonesian",20-29,Female,Australia,N/A,Wed May 12 10:13:52 PM 2021
cake,cake,tart,pie,cookie,cake,tart,cookie,pastry,puff,roll,cake,cake,bread,blondie,English,"French, Hawaiian, Finnish, German",20-29,Male,United States of America,,Wed May 12 10:15:51 PM 2021
cake,cake,tart,pie,cookie,cake,tart,biscuit,pastry,scone,scroll,pull apart,bread,bread,slice,English,minimal spanish,20-29,Female,Australia,none ,Wed May 12 10:27:30 PM 2021
cake,cake,tart,pie,cookie,cake,tart,cookie,pastry,pastry,roll,pastry,bread,bread,cookie,English,French,30-39,Male,USA,,Wed May 12 10:32:55 PM 2021
cake,cake,tart,pie,biscuit,cake,tart,biscuit,Danish,bun,bun,slice,cake,bread,slice,English NZ,,30-39,Male,UK,NZ,Wed May 12 10:46:23 PM 2021
cake,cake,tart,pie,cookie,cake,pie,cookie,pastry,pastry,bun,bread,cake,roll,pastry,English,,50-59,Male,USA,,Wed May 12 11:14:52 PM 2021
cake,cake,tart,pie,biscuit,cake,pie,biscuit,pastry,Can't remember but none of the above,pastry,pastry,cake,bread,slice,English,"German, French, Latin",40-49,Female,Australia,USA,Wed May 12 11:52:09 PM 2021
cake,cake,tart,pie,cookie,pie,pie,cookie,tart,pastry,roll,pastry,pastry,bread,pastry,English,New Yorker,30-39,Male,United States,N/A,Wed May 12 11:57:32 PM 2021
cake,cake,tart,pie,cookie,cake,tart,cookie,pastry,pastry,roll,pastry,bread,bread,bread,English,Spanish,20-29,Female,USA,,Thu May 13 12:08:05 AM 2021
cake,cake,tart,pie,cookie,cake,tart,cookie,pastry,pastry,roll,pastry,ring,bread,bar,English,"French, German, Indonesian, ASL",30-39,Female,USA,UK,Thu May 13 01:03:04 AM 2021
cake,cake,tart,pie,cookie,cake,pie,cookie,pastry,pastry,Cinnamon roll,I don’t know what that is,cake,bread,Bar,English,,20-29,Female,US,,Thu May 13 01:41:28 AM 2021
cake,cake,cake,pie,cookie,cake,pie,biscuit,pastry,Scone,roll,cake,cake,bread,slice,English,Dutch,30-39,Female,Australia,Netherlands,Thu May 13 05:13:49 AM 2021
cake,cake,tart,pie,biscuit,cake,tart,biscuit,pastry,scone,bun,pastry,cake,bread,slice,Australian English,"German, French",40-49,Female,Australia,,Thu May 13 06:32:06 AM 2021
cake,cake,pie,pie,cookie,pie,pie,cookie,cookie,pastry,roll,cake,cake,brioche,pie,High German,"English, French, bits of others",40-49,Male,Germany,,Thu May 13 06:51:50 AM 2021
cake,cake,tart,tart,cookie,cake,tart,cookie,Danish,pastry,pastry,cake,cake,bun,cake,German,"English, Dutch, Hebrew, Yiddish, some French, Spanish",50-59,Female,Germany,Israel,Thu May 13 07:00:09 AM 2021
cake,cake,tart,pie,biscuit,cake,tart,biscuit,pastry,bun,Scroll,pastry,bread,bread,slice,English,French,30-39,Female,Australia,,Thu May 13 07:08:52 AM 2021
cake,cake,tart,pie,biscuit,tart,tart,biscuit,pastry,scone,pastry,slice,cake,bread,slice,english,,50-59,Female,UK,,Thu May 13 07:20:53 AM 2021
cake,cake,slice,pie,biscuit,cake,slice,biscuit,Danish,bun,Scrolls,slice,cake,bread,cake,English,Spanish,20-29,Female,Australia,,Thu May 13 07:32:56 AM 2021
cake,cake,tart,pie,cookie,cake,tart,pastry,pastry,pastry,roll,slice,bread,bun,pie,Spanish,"English, Japanese",20-29,Male,Argentina,Japan,Thu May 13 07:33:31 AM 2021
cake,cake,tart,pie,biscuit,cake,tart,biscuit,pastry,bun,bun,slice,cake,bread,tart,english,,40-49,Female,uk,,Thu May 13 07:33:39 AM 2021
cake,cake,tart,pie,biscuit,cake,tart,biscuit,danish,scone,scroll,pie,cake,brioche,slice,English,"Spanish, Murrinhpatha",40-49,Male,Australia,,Thu May 13 07:38:48 AM 2021
cake,cake,cake,pie,biscuit,cake,slice,biscuit,pastry,bun,roll,I don't know ,cake,bread,slice,ENGLISH,,40-49,Female,New Zealand ,,Thu May 13 07:40:23 AM 2021
cake,cake,tart,pie,cookie,cake,tart,cookie,pastry,Cream puff,Cinnamon roll,Coffee cake ,Coffee cake ,bread,Coffee cake ,English,German ,30-39,Male,United States,None ,Thu May 13 07:42:56 AM 2021
cake,cake,pie,pie,cookie,cake,pie,cookie,pastry,cake,bun,cake,cake,bread,pastry,english,,50-59,Female,usa,,Thu May 13 07:54:21 AM 2021
cake,cake,tart,pie,cookie,cake,slice,biscuit,pastry,bun,bun,cake,cake,roll,cake,English,,20-29,Female,Australia,,Thu May 13 08:14:41 AM 2021
cake,cake,tart,pie,cookie,cake,tart,cookie,pastry,bun,roll,bread,cake,bread,bread,English ,French ,30-39,Female,USA,,Thu May 13 08:14:53 AM 2021
cake,cake,tart,pie,biscuit,cake,pie,biscuit,danish,pastry,scroll,pastry,cake,bun,pastry,English,Mandarin Chinese,40-49,Male,Australia,,Thu May 13 08:19:06 AM 2021
cake,cake,tart,pie,cookie,cake,Pie but could also be a tart - depends on flavor,cookie,Danish,Not sure - maybe pastry but also scone if it’s a scone,Both bun and roll work here,pastry,cake,The loaf is bread and individual pieces are a roll,cake,English,Spanish,30-39,Female,Usa,Uk,Thu May 13 08:19:45 AM 2021
cake,cake,tart,pie,biscuit,cake,tart,biscuit,pastry,Scone? ,bread,bread,bread,bread,cake,English,Japanese ,30-39,Female,Japan,England ,Thu May 13 08:32:49 AM 2021
cake,cake,tart,pie,Gingerbread ,cake,tart,biscuit,Danish,pastry,roll,Strudel,Tea cake,bread,Cake bar,English ,French (not fluent),40-49,Female,Australia,"U.K., USA",Thu May 13 08:44:02 AM 2021
cake,cake,cake,pie,cookie,cake,pie,cookie,pastry,pastry,pastry,pastry,bread,bread,pastry,Dutch,"English, German ",30-39,Female,Netherlands,None,Thu May 13 08:45:36 AM 2021
cake,cake,tart,pie,biscuit,cake,tart,biscuit,pastry,scone,scroll,cake,cake,bread,cake,English,"German, Indonesian",20-29,Female,Australia,,Thu May 13 08:45:46 AM 2021
cake,cake,cake,pie,biscuit,cake,tart,biscuit,pastry,pastry,bun,pastry,bun,bun,slice,English,Japanese,20-29,Female,Australia,,Thu May 13 09:10:48 AM 2021
cake,cake,tart,pie,cookie,cake,tart,cookie,pastry,pastry,roll,Loaf,cake,bread,Squares,English ,,30-39,Female,Canada ,,Thu May 13 09:10:55 AM 2021
cake,cake,tart,pie,cookie,slice,slice,cookie,pastry,pastry,bun,cake,cake,bread,pastry,English,,30-39,Female,USA,None,Thu May 13 09:26:04 AM 2021
cake,cake,tart,pie,cookie,cake,tart,cookie,danish,pastry,bun,babka,cake,bun,cobbler,American English,,30-39,Female,USA,,Thu May 13 09:35:21 AM 2021
cake,cake,tart,pie,cookie,cake,tart,biscuit,pastry,cake,bun,roll,cake,bread,slice,English,,20-29,Female,Australia ,,Thu May 13 09:40:02 AM 2021
cake,cake,tart,pie,biscuit,cake,tart,biscuit,pastry,Scone,roll,cake,cake,bread,slice,English,,20-29,Female,Australia,,Thu May 13 09:53:23 AM 2021
cake,cake,tart,pie,biscuit,cake,tart,biscuit,pastry,bun,Scroll,cake,bread,bread,slice,English ,,20-29,Female,Australia ,,Thu May 13 10:18:44 AM 2021
cake,cake,tart,pie,biscuit,cake,tart,biscuit,pastry,Scone,bun,pastry,bun,bread,slice,English,,30-39,Female,Australia,,Thu May 13 10:36:10 AM 2021
cake,cake,pie,pie,cookie,cake,pie,biscuit,pastry,bun,roll,cake,cake,bread,pastry,Swedish ,English ,20-29,Female,Sweden ,,Thu May 13 10:57:16 AM 2021
cake,cake,pie,pie,cookie,cake,pie,cookie,pastry,pastry,roll,pastry,Strudel,bun,cake,English (American),"Swedish, Italian",50-59,Male,USA,,Thu May 13 11:53:00 AM 2021
cake,cake,tart,pie,cake,cake,tart,biscuit,Danish,bun,Scroll,cake,cake,bread,slice,English,Auslan,40-49,Female,Australia,,Thu May 13 12:05:46 PM 2021
cake,cake,tart,pie,biscuit,cake,tart,biscuit,pastry,bun,pastry,slice,cake,bread,slice,English,,20-29,Male,Australia,,Thu May 13 12:19:21 PM 2021
cake,cake,tart,pie,biscuit,cake,tart,biscuit,pastry,pastry,bun,cake,cake,bread,slice,English,"German, Bislama",30-39,Male,England,,Thu May 13 12:50:31 PM 2021
cake,cake,tart,pie,cookie,tart,tart,biscuit,pastry,scone,pastry,pastry,cake,brioche,slice,English,,20-29,Female,Australia,,Thu May 13 12:52:02 PM 2021
cake,cake,tart,pie,cookie,cake,pie,cookie,pastry,pastry,roll,cake,cake,bun,cake,German,English,30-39,Female,Germany,USA,Thu May 13 01:45:52 PM 2021
cake,cake,Flan,pie,biscuit,cake,tart,biscuit,pastry,bun,Scroll,bread,cake,roll,slice,English ,N/A,30-39,Female,Australia,,Thu May 13 01:54:28 PM 2021
cake,cake,tart,pie,biscuit,cake,tart,biscuit,tart,bun,bread,bread,bread,bun,pastry,Mandarin,English,30-39,Female,China,,Thu May 13 02:16:40 PM 2021
cake,cake,tart,pie,cookie,cake,tart,cookie,pastry,pastry,roll,pastry,cake,bread,cake,French,English,20-29,Female,France,"USA, CANADA ",Thu May 13 03:51:57 PM 2021
cake,cake,pie,pie,cookie,slice,slice,cookie,pastry,pastry,bun,slice,cake,pastry,slice,czech,"swedish, english, some spanish",20-29,Female,Sweden,,Thu May 13 03:58:22 PM 2021
cake,cake,tart,pie,biscuit,cake,cake,biscuit,pastry,bun,roll,pastry,bread,bread,bread,Spanish ,"English, Catalan",30-39,Female,Spain,,Thu May 13 04:00:02 PM 2021
cake,cake,pie,pie,biscuit,cake,tart,biscuit,pastry,bun,pastry,pastry,pastry,roll,biscuit,english ,,Under 20,Female,scotland,,Thu May 13 04:09:52 PM 2021
cake,cake,tart,pie,cookie,slice,slice,cookie,pastry,biscuit,roll,bread,bread,bun,pastry,English,Chinese,20-29,Female,United States,,Thu May 13 06:28:24 PM 2021
cake,cake,tart,pie,cookie,cake,tart,cookie,pastry,pastry,roll,pastry,pastry,bun,pastry,English,"Spanish, Korean, Russian, French",30-39,Female,USA,,Thu May 13 06:40:50 PM 2021
cake,cake,tart,pie,cookie,cake,tart,cookie,danish,pastry,roll,bread,cake,bread,pastry,English,none,20-29,Female,USA,none,Thu May 13 06:47:49 PM 2021
cake,cake,tart,pie,Gingerbread,cake,tart,biscuit,pastry,bun,pastry,bread,cake,bread,slice,English,,20-29,Female,UK,,Thu May 13 06:48:35 PM 2021
cake,cake,tart,pie,cookie,cake,tart,cookie,pastry,pastry,roll,pastry,bread,bread,bar,English,,20-29,Female,USA,N/A,Thu May 13 07:19:44 PM 2021
cake,cake,tart,pie,biscuit,cake,tart,biscuit,pastry,Scone,pastry,cake,cake,bread,cake,English,,40-49,Female,England,,Thu May 13 08:27:39 PM 2021
cake,cake,tart,pie,cookie,cake,tart,cookie,pastry,pastry,roll,bread,bread,bun,bar,English,none,20-29,Female,USA,n/a,Thu May 13 08:59:45 PM 2021
cake,cake,pastry,pie,cookie,cake,slice,cookie,pastry,pastry,roll,pastry,cake,roll,pastry,English,German,30-39,Male,USA,"None (Germany for 6, not consecutively)",Thu May 13 09:15:08 PM 2021
cake,cake,tart,pie,biscuit,cake,tart,biscuit,pastry,bun,pastry,pastry,pastry,bun,slice,English,"Japanese, French",60-69,Female,New Zealand,,Thu May 13 09:50:14 PM 2021
cake,cake,pie,pie,biscuit,cake,pie,biscuit,tart,Scone,pastry,pastry,cake,bread,tart,English,,40-49,Female,Australia,,Thu May 13 10:03:51 PM 2021
cake,cake,tart,pie,cookie,cake,tart,cookie,pastry,bun,roll,bread,bread,bun,tart,American English,Japanese ,20-29,Female,USA,None,Thu May 13 10:29:33 PM 2021
cake,cake,tart,pie,biscuit,cake,tart,biscuit,pastry,Scone,roll,slice,cake,bun,slice,Australian English ,"Spanish, Portuguese ",30-39,Female,Australia ,,Fri May 14 12:29:22 AM 2021
cake,cake,tart,pie,cookie,cake,tart,cookie,pastry,tart,roll,pastry,cake,roll,pastry,English ,Span,30-39,Female,Usa,,Fri May 14 05:15:19 AM 2021
cake,cake,tart,pie,cookie,cake,tart,cookie,pastry,bun,Scroll,slice,cake,bread,slice,English ,Swedish ,40-49,Male,Australia ,Sweden,Fri May 14 07:17:01 AM 2021
cake,cake,pie,pie,cookie,tart,tart,cookie,pastry,pastry,pastry,pie,cake,bun,pie,swedish,"english, french, finnish",20-29,Female,Belgium ,Sweden ,Fri May 14 08:28:11 AM 2021
cake,cake,tart,pie,cookie,cake,Flan,biscuit,pastry,bun,bun,slice,cake,bread,slice,Swedish,"English, Dutch",40-49,Female,Sweden,Belgium,Fri May 14 08:39:36 AM 2021
cake,cake,tart,tart,biscuit,cake,cheesecake,biscuit,pastry,scone,pastry,tart,cake,bread,cake,English,"German, French",50-59,Male,UK,,Fri May 14 10:07:54 AM 2021
cake,cake,tart,pie,cookie,slice,slice,cookie,pastry,roll,bun,pastry,pastry,roll,pastry,English,Russian,40-49,Female,US,None,Fri May 14 10:08:15 AM 2021
cake,cake,cake,pie,cookie,cake,cake,cookie,pastry,pastry,pastry,tart,bun,bun,cake,German,"English, Spanish, French, Swedish, Japanese, Arabic",20-29,Female,Germany,,Fri May 14 10:08:17 AM 2021
cake,cake,tart,pie,cookie,spong,tart,biscuit,cake,pastry,bun,pastry,tart,bun,tart,English,French,60-69,Male,United Kingdom,,Fri May 14 12:00:30 PM 2021
cake,cake,tart,pie,biscuit,cake,tart,biscuit,pastry,cake,pastry,cake,cake,bread,traybake,English,,20-29,Female,United Kingdom,,Fri May 14 12:08:02 PM 2021
cake,cake,tart,pie,cookie,tart,tart,cookie,pastry,pastry,roll,pastry,cake,roll,pastry,English,French,50-59,Male,USA,,Fri May 14 12:11:36 PM 2021
cake,cake,tart,pie,biscuit,slice,Flan,biscuit,pastry,bun,roll,cake,cake,bread,cake,Urdu,English,30-39,Female,Pakistan,UK,Fri May 14 12:15:04 PM 2021
cake,cake,tart,pie,cookie,cake,tart,cookie,pastry,pastry,roll,pastry,bread,roll,bar,English,,30-39,Female,United States,,Fri May 14 02:32:33 PM 2021
cake,cake,tart,pie,biscuit,cake,tart,biscuit,pastry,fairy cake (hard to tell from picture),scroll,tart,monkey bread (hard to tell from picture),challa,slice,English,German,40-49,Male,Australia,,Fri May 14 03:00:07 PM 2021
cake,cake,"I'm not sure, pie or tart",pie,cookie,cake,pie,cookie,tart,pastry,"Cinnamon rolls, but pastry is the type",pastry,cake,roll,pastry,English ,"Russian, Ukrainian ",60-69,Female,USA,None,Fri May 14 03:20:24 PM 2021
cake,cake,tart,pie,biscuit,cake,slice,biscuit,pastry,Scone,roll,pastry,cake,bun,slice,English,"Spanish, Japanese",20-29,Male,United Kingdom,,Fri May 14 03:38:21 PM 2021
cake,cake,tart,tart,cookie,cake,pie,biscuit,roll,bun,roll,bun,cake,pastry,pastry,Greek,"Albanian, English, French",20-29,Nonbinary,Greece,-,Fri May 14 03:58:57 PM 2021
cake,cake,tart,pie,cookie,bread,slice,cookie,pastry,cookie,roll,bread,bread,bread,bread,Romanian,"English, Dutch, French ",Under 20,Female,Romania,,Fri May 14 04:12:10 PM 2021
cake,cake,pie,pie,biscuit,slice,tart,biscuit,pastry,bun,roll,pastry,Sponge cake,bread,pie,Finnish,"Spanish, French, English, Swedish",20-29,Female,Finland,-,Fri May 14 04:18:28 PM 2021
cake,cake,tart,pie,cookie,slice,cake,cookie,danish,roll,roll,pastry,bread,bread,"""bar"" or something like that",English,"Spanish, French",20-29,Female,USA,,Fri May 14 04:58:49 PM 2021
cake,cake,tart,pie,cookie,cake,tart,cookie,pastry,pastry,roll,roll,roll,roll,bread,English,,30-39,Female,United States,,Fri May 14 05:47:00 PM 2021
cake,cake,tart,pie,biscuit,cake,tart,biscuit,pastry,bun,pastry,pastry,cake,cake,cake,British English,,40-49,Female,England,,Fri May 14 05:57:10 PM 2021
cake,cake,pie,tart,cookie,cake,pie,cookie,pie,scon,roll,bundt,bundt,bundt,tart,No,"Spanish, Italian",40-49,Female,Uruguay,no,Fri May 14 06:00:54 PM 2021
cake,cake,tart,pie,cookie,cake,tart,cookie,Lemon Danish,pastry,roll,pastry,roll,bread,pie,English,German,30-39,Female,USA,,Fri May 14 06:01:32 PM 2021
cake,cake,tart,pie,cookie,slice,slice,cookie,pastry,pastry,roll,pastry,cake,bread,Squares,Italian,"English, French, German, Danish, Spanish",50-59,Female,Italy,,Fri May 14 06:54:25 PM 2021
cake,cake,tart,pie,cookie,cake,pie,cookie,pastry,cream puff,roll,pastry,cake,bread,pastry,English,"French, German",Under 20,Female,Canada,,Fri May 14 07:02:22 PM 2021
cake,cake,tart,pie,cookie,cake,pie,cookie,pastry,pastry,roll,tart,cake,bun,pie,Spanish,English,30-39,Female,Costa Rica ,,Fri May 14 07:07:41 PM 2021
cake,cake,tart,pie,cookie,cake,Is it a cheesecake?,cookie,pastry,biscuit,Cinnamon roll,pastry,Coffee cake,bread,cake,English (American),"Some Spanish, French, German",60-69,Female,US,,Fri May 14 07:15:05 PM 2021
cake,cake,tart,pie,biscuit,tart,tart,biscuit,pastry,pastry,roll,pie,cake,bun,pastry,Portuguese,"English, italian, spanish",30-39,Female,Portugal,,Fri May 14 07:20:28 PM 2021
cake,cake,cake,pie,biscuit,cake,slice,cookie,bun,bun,bun,bread,bread,bread,cookie,Bengali ,Hindi,20-29,Female,India,,Fri May 14 07:20:42 PM 2021
cake,cake,tart,pie,biscuit,cake,pie,biscuit,tart,tart,roll,slice,cake,roll,slice,Greek,"English, French, Spanish",40-49,Female,Cyprus ,,Fri May 14 07:21:27 PM 2021
cake,cake,tart,pie,biscuit,cake,tart,biscuit,pastry,bun,roll,pastry,bread,bread,tart,English,None,30-39,Female,United Kingdom,None,Fri May 14 07:27:47 PM 2021
cake,cake,pie,pie,biscuit,slice,tart,cookie,pastry,pastry,roll,tart,tart,bread,pie,Italian,"English, Japanese ",20-29,Female,Italy ,,Fri May 14 07:31:18 PM 2021
cake,cake,tart,pie,cookie,slice,pie,cookie,pastry,pastry,roll,slice,bread,bread,pastry,English (GA),Chinese,30-39,Female,United States of America,China PRC,Fri May 14 07:33:49 PM 2021
cake,cake,tart,tart,cookie,slice,pie,cookie,biscuit,pastry,roll,roll,bread,bun,"Photograph is confusing, could be many",Spanish,"English, Italian",40-49,Male,Mexico,Italy,Fri May 14 07:36:31 PM 2021
cake,cake,tart,pie,biscuit,cake,tart,biscuit,pastry,bun,pastry,pastry,pastry,brioche,slice,English,French and Russian,60-69,Female,UK,France,Fri May 14 07:37:59 PM 2021
cake,cake,tart,pie,cookie,slice,tart,cookie,pastry,bun,bun,pastry,bun,bun,Cobbler,Norwegian,"English, German, Spanish",50-59,Female,Norway,,Fri May 14 07:43:13 PM 2021
cake,"I would select cake if forced to choose, but I’ve really never seen anything like it. Is it real? May I have a slice please? That would help me answer this item more accurately. Plus, it looks yummy.",tart,pie,cookie,cake,pie,cookie,pastry,"I would select cake if forced to choose, but I’ve really never seen anything like it. Is it real? May I have a slice please? That would help me answer this item more accurately. Plus, it looks yummy.",roll,cookie,cake,"Challah, a very specific type of bread ",pastry,English ,"L2 German, L2 Spanish, some L2 French",50-59,Male,USA,,Fri May 14 08:03:43 PM 2021
cake,cake,tart,pie,biscuit,cake,tart,biscuit,pastry,bun,roll,bread,cake,Loaf,tart,English,Maori,60-69,Male,New Zealand,,Fri May 14 08:11:22 PM 2021
cake,cake,Flan,pie,biscuit,cake,tart,biscuit,pastry,bun,pastry,pastry,pastry,bread,biscuit,English,Spanis,40-49,Female,England,None,Fri May 14 08:11:25 PM 2021
cake,cake,tart,pie,biscuit,slice,tart,biscuit,pastry,scone (rhymes with loan),pastry,pastry,pastry,bun,pastry,english,,50-59,Male,England ,ireland ,Fri May 14 08:21:01 PM 2021
Wedding cake,cake,tart,pie,cookie,Slice of cake,pastry,pastry,pastry,pastry,pastry,tart,cake,bun,Looks like a sponge cake/sweet bread like banana bread,English/Marathi,"Hindi, French, Italian",20-29,Male,India,Lived in US for 5-6 years,Fri May 14 08:21:42 PM 2021
cake,cake,cake,cake,cake,cake,pie,cake,pastry,cake,cake,cake,cake,cake,cake,German,"English, Swedish, Bosnian, French, Russian, Spanish, Finnish",20-29,Female,Germany,,Fri May 14 08:27:20 PM 2021
cake,cake,tart,pie,biscuit,slice,pie,biscuit,pastry,Berliner,roll,bread,Brioche,Brioche,pie,French,English Dutch German Spanish Italian,40-49,Female,France ,The Netherlands ,Fri May 14 08:33:33 PM 2021
cake,cake,tart,pie,biscuit,pie,slice,biscuit,pastry,tart,roll,bun,bun,bread,bun,Arabic,"English, French, Spanish.",20-29,Male,Algeria,N/A,Fri May 14 08:36:07 PM 2021
cake,cake,pie,pie,tart,cake,slice,cookie,pie,bun,pastry,pastry,pie,pastry,slice,Utdu,"English, Arabic, ",20-29,Male,Pakistan,,Fri May 14 08:54:37 PM 2021
cake,cake,tart,pie,biscuit,cake,tart,biscuit,pastry,Scone I think but looks a little odd!,bun,pastry,cake,bread,slice,English,"German, a little Russian",20-29,Female,England,,Fri May 14 09:21:30 PM 2021
cake,cake,Raspberry flan,pie,biscuit,cake,tart,biscuit,pastry,Scone,Danish ?,cake,cake,bread,biscuit,English,"french, some spanish german and polish",50-59,Female,United Kingdom,,Fri May 14 10:21:03 PM 2021
cake,cake,tart,pie,cookie,cake,tart,cookie,pastry,pastry,Cinnamon bun/roll,tart,Coffee cake,bread,pastry,English,Italian,20-29,Male,USA,,Fri May 14 10:51:13 PM 2021
cake,cake,cake,pastry,biscuit,slice,slice,biscuit,tart,bun,swirl,cake,pastry,bun,slice,Australian English,French,60-69,Male,England,Australia since age of 5,Fri May 14 10:51:22 PM 2021
cake,cake,tart,pie,cookie,tart,tart,cookie,pastry,pastry,bun,slice,bread,roll,slice,English ,Spanish. French,60-69,Female,Is,,Fri May 14 10:52:19 PM 2021
cake,cake,tart,pie,cookie,tart,tart,cookie,pastry,pastry,roll,pastry,bread,roll,pastry,English,Spanish,40-49,Female,USA,,Fri May 14 11:15:58 PM 2021
cake,cake,flan,pie,biscuit,cake,tart,biscuit,pastry,scone,bun,pastry,pastry,bread,tart,English,Spanish,70+,Female,United Kingdom,Spain,Fri May 14 11:25:54 PM 2021
cake,cake,tart,pie,biscuit,tart,pie,biscuit,pastry,pastry,bun,babka / monkey bread / strudel,cake,bun,slice,German/English bilingual,"Catalan, Spanish, Czech, Swedish, Hebrew",30-39,Female,Austria,Spain,Fri May 14 11:30:11 PM 2021
cake,cake,tart,pie,cookie,cake,tart,cookie,pastry,pastry,roll,bread,cake,bread,cake,English ,,30-39,Male,United States,,Sat May 15 12:07:28 AM 2021
cake,cake,tart,pie,cookie,cake,slice,biscuit,pastry,bun,roll,bread,BUNT,bread,slice,English,None,30-39,Female,Australia,,Sat May 15 12:26:23 AM 2021
slice,slice,slice,slice,slice,cake,slice,slice,slice,slice,slice,slice,slice,slice,slice,french,,20-29,Male,Andorre,,Sat May 15 01:13:54 AM 2021
cake,cake,pie,pie,cookie,pastry,slice,biscuit,bun,pastry,roll,pastry,bread,bread,biscuit,english,Filipino,20-29,Female,Philippines,N/A,Sat May 15 03:07:20 AM 2021
cake,cake,tart,pie,cookie,cake,tart,cookie,pastry,pastry,roll,cake,cake,roll,pastry,English,,60-69,Female,USA,,Sat May 15 05:37:46 AM 2021
cake,cake,pie,pastry,cookie,tart,tart,cookie,pastry,cake,roll,roll,cake,bun,tart,Bosnian,English,30-39,Female,Bisnia,-,Sat May 15 05:59:12 AM 2021
cake,cake,tart,pie,cookie,slice,tart,biscuit,pastry,bread,roll,bread,cake,bun,slice,Mandarin,English,20-29,Female,China,,Sat May 15 07:25:12 AM 2021
cake,cake,tart,pie,cookie,cake,tart,cookie,tart,bun,roll,pastry,bread,roll,pastry,English,"Turkish, Kyrgyz, French",40-49,Female,USA,Turkey,Sat May 15 07:35:42 AM 2021
cake,cake,cake,pie,cookie,Cinnamon rolls ,tart,Cinnamon rolls ,Cinnamon rolls ,Cream puff ,Cinnamon rolls ,pastry,pastry,Cinnamon rolls ,Cinnamon rolls ,Engr,"French, German, Italian, Spanish ",60-69,Female,USA,None,Sat May 15 08:08:15 AM 2021
cake,cake,tart,pie,cookie,cake,tart,biscuit,pastry,cookie,bun,bread,bread,bun,slice,British English,Japanese,Under 20,Female,England,Australia,Sat May 15 08:30:45 AM 2021
cake,cake,tart,pie,biscuit,cake,slice,cookie,pastry,bun,roll,pastry,cake,bun,pastry,English,"Tamil, Spanish, French, Italian, Japanese (+ bits of others) ",30-39,Male,Australia,USA,Sat May 15 01:34:07 PM 2021
cake,cake,tart,pie,cookie,cake,tart,cookie,Danish,Creampuff,roll,bread,bread,bread,bars,English,Spanish,40-49,Female,USA,,Sat May 15 07:03:22 PM 2021
cake,cake,pie,pie,biscuit,cake,tart,biscuit,pastry,bun,pastry,pastry,cake,bread,pastry,Irish,English,20-29,Nonbinary,Ireland,,Sat May 15 07:13:02 PM 2021
cake,cake,tart,pie,biscuit,cake,pie,cookie,pastry,pastry,bun,cake,cake,bread,cake,Dutch,"Swedish, English",20-29,Female,Belgium,Sweden,Sun May 16 07:28:13 PM 2021
Wedding cake,cake,tart,pie,biscuit,cake,tart,biscuit,Danish pastry,Cream bun,Cinnamon roll,pastry,cake,bread,tart,British English,Welsh,40-49,Female,Wales,"England, Scotland",Sun May 16 07:56:11 PM 2021
cake,cake,tart,pie,cookie,cake,tart,cookie,pastry,pastry,bun,bread,cake,bun,cake,Swedish,English,20-29,Female,Sweden,US,Sun May 16 09:24:38 PM 2021
cake,cake,tart,pie,cookie,tart,tart,cookie,pastry,pastry,pastry,roll,pastry,roll,cake,English,Spanish,60-69,Male,USA,Mexico,Mon May 17 04:44:47 AM 2021
cake,cake,cookie,pie,cookie,cake,tart,cake,cookie,bun,cookie,cake,cake,bread,slice,german,"english, swedish, french",20-29,Female,Germany,,Mon May 17 11:27:35 AM 2021
cake,cake,Flan,pie,biscuit,bun,tart,biscuit,Danish,Scone,Scroll,pastry,bun,Pullapart,slice,English,,40-49,Male,Australia,,Tue May 18 08:01:44 AM 2021
tart,tart,pastry,pie,cookie,cake,pastry,cookie,bun,bun,roll,cake,pastry,bun,pastry,Dutch,English and German,60-69,Female,Netherlands,0,Tue May 18 10:03:21 AM 2021
cake,cake,tart,pie,cookie,cake,slice,biscuit,pastry,pastry,bun,cake,cake,bread,cake,Swedish,"English, French ",20-29,Female,Sweden,,Tue May 18 02:13:25 PM 2021
cake,cake,tart,pie,cookie,tart,tart,biscuit,pastry,bun,bun,cake,cake,bread,cake,Swedish,English,40-49,Female,Sweden,Usa,Tue May 18 07:50:26 PM 2021
cake,cake,tart,pie,Gingerbread,cake,tart,biscuit,Pastry,bun,bun,bun,cake,bun,Sheetpan muffin,Finnish swedish,English and finnish,30-39,Female,Finland,,Tue May 18 07:59:15 PM 2021
cake,cake,tart,pie,cookie,cake,slice,biscuit,pastry,pastry,bun,bread,pastry,bread,slice,French,"English, Swedish",20-29,Female,Sweden,France,Wed May 19 02:07:36 PM 2021
tart,cake,tart,tart,biscuit,tart,tart,biscuit,pie,bun,roll,pie,pie,bread,tart,Telugu,English,20-29,Female,India ,,Wed May 19 02:13:47 PM 2021
